回测区间,组合/资产,年化收益,年化波动,夏普比率,最大回撤,月度胜率,平均资金占用
全局 (Total),沪金主连,21.66%,17.25%,1.05,-29.00%,54.11%,
全局 (Total),红利低波ETF,12.65%,19.92%,0.55,-43.62%,59.59%,
全局 (Total),沪铝主连,9.28%,18.46%,0.41,-43.93%,51.37%,
全局 (Total),豆粕主连,12.18%,20.39%,0.52,-37.29%,54.79%,
全局 (Total),10年国债主连,3.59%,3.73%,0.17,-9.73%,65.75%,
全局 (Total),原油主连,3.50%,38.55%,0.20,-82.13%,52.05%,
全局 (Total),沪铜主连,10.48%,20.07%,0.45,-43.08%,56.85%,
全局 (Total),沪深300主连,7.77%,25.21%,0.31,-60.00%,57.53%,
全局 (Total),PTA主连,-8.28%,26.20%,-0.31,-84.11%,43.84%,
全局 (Total),中证1000主连,10.97%,27.79%,0.41,-69.94%,55.48%,
全局 (Total),30年国债主连,7.49%,5.41%,0.81,-16.75%,60.96%,
全局 (Total),风险平价策略,11.87%,5.09%,1.65,-9.41%,71.23%,11.24%
全局 (Total),全天候策略,14.31%,6.83%,1.56,-9.46%,71.92%,14.50%
全局 (Total),全天候增强策略 (动量择时),18.25%,9.45%,1.51,-14.46%,71.92%,14.20%
2014年,沪金主连,-2.40%,16.08%,-0.40,-21.90%,45.45%,
2014年,红利低波ETF,63.46%,17.80%,2.56,-7.58%,81.82%,
2014年,沪铝主连,-10.06%,11.60%,-1.32,-18.68%,27.27%,
2014年,豆粕主连,16.97%,17.23%,0.69,-16.09%,54.55%,
2014年,10年国债主连,12.08%,3.82%,1.61,-2.16%,72.73%,
2014年,原油主连,-52.05%,21.24%,-3.60,-52.28%,36.36%,
2014年,沪铜主连,2.41%,16.26%,-0.10,-17.28%,54.55%,
2014年,沪深300主连,92.48%,23.51%,2.68,-10.95%,90.91%,
2014年,PTA主连,-19.71%,21.56%,-1.16,-34.48%,45.45%,
2014年,中证1000主连,31.83%,21.28%,1.16,-13.59%,72.73%,
2014年,30年国债主连,23.51%,6.37%,2.51,-3.28%,72.73%,
2014年,风险平价策略,20.75%,4.71%,2.93,-2.79%,90.91%,10.91%
2014年,全天候策略,15.18%,6.01%,1.51,-2.45%,81.82%,14.57%
2014年,全天候增强策略 (动量择时),30.52%,6.83%,3.17,-2.16%,90.91%,15.96%
2015年,沪金主连,1.64%,16.82%,0.01,-16.46%,41.67%,
2015年,红利低波ETF,13.31%,39.69%,0.44,-41.59%,58.33%,
2015年,沪铝主连,-17.68%,14.69%,-1.44,-33.95%,41.67%,
2015年,豆粕主连,-23.41%,19.03%,-1.46,-29.82%,25.00%,
2015年,10年国债主连,7.96%,4.99%,0.99,-4.28%,83.33%,
2015年,原油主连,-35.49%,42.37%,-0.89,-49.27%,25.00%,
2015年,沪铜主连,-21.18%,23.90%,-1.00,-32.07%,58.33%,
2015年,沪深300主连,-11.13%,50.76%,-0.03,-57.47%,66.67%,
2015年,PTA主连,-22.26%,26.56%,-0.92,-32.65%,33.33%,
2015年,中证1000主连,79.40%,46.43%,1.43,-53.12%,66.67%,
2015年,30年国债主连,9.26%,7.00%,0.89,-5.36%,66.67%,
2015年,风险平价策略,2.59%,6.89%,-0.01,-9.41%,41.67%,9.73%
2015年,全天候策略,4.03%,7.93%,0.18,-9.46%,50.00%,13.03%
2015年,全天候增强策略 (动量择时),6.23%,9.27%,0.39,-11.80%,58.33%,13.82%
2016年,沪金主连,38.33%,17.48%,1.75,-14.16%,50.00%,
2016年,红利低波ETF,-4.32%,19.57%,-0.29,-17.64%,50.00%,
2016年,沪铝主连,45.32%,21.56%,1.69,-13.97%,66.67%,
2016年,豆粕主连,32.12%,27.21%,1.04,-25.44%,58.33%,
2016年,10年国债主连,-1.62%,5.03%,-0.95,-7.48%,50.00%,
2016年,原油主连,71.60%,42.01%,1.42,-25.56%,75.00%,
2016年,沪铜主连,30.12%,23.62%,1.09,-14.24%,66.67%,
2016年,沪深300主连,-19.98%,24.45%,-0.92,-26.20%,41.67%,
2016年,PTA主连,-11.79%,21.61%,-0.62,-25.29%,50.00%,
2016年,中证1000主连,-21.50%,33.12%,-0.66,-26.87%,41.67%,
2016年,30年国债主连,6.23%,6.54%,0.46,-10.98%,66.67%,
2016年,风险平价策略,13.56%,5.79%,1.66,-6.11%,66.67%,10.95%
2016年,全天候策略,20.26%,6.80%,2.26,-5.05%,75.00%,14.22%
2016年,全天候增强策略 (动量择时),35.00%,12.18%,2.26,-7.80%,75.00%,10.51%
2017年,沪金主连,8.54%,10.13%,0.37,-8.84%,50.00%,
2017年,红利低波ETF,20.62%,9.26%,1.54,-5.63%,83.33%,
2017年,沪铝主连,1.85%,20.02%,-0.06,-26.84%,58.33%,
2017年,豆粕主连,-3.59%,16.40%,-0.44,-16.82%,58.33%,
2017年,10年国债主连,-3.74%,5.04%,-1.68,-5.46%,58.33%,
2017年,原油主连,19.45%,23.63%,0.66,-25.05%,41.67%,
2017年,沪铜主连,31.82%,19.24%,1.27,-17.34%,58.33%,
2017年,沪深300主连,23.13%,13.19%,1.27,-8.62%,83.33%,
2017年,PTA主连,-27.18%,18.45%,-1.90,-35.44%,41.67%,
2017年,中证1000主连,-12.75%,17.36%,-0.99,-17.85%,33.33%,
2017年,30年国债主连,-9.75%,3.25%,-4.53,-9.56%,16.67%,
2017年,风险平价策略,6.10%,4.57%,0.24,-4.85%,66.67%,17.96%
2017年,全天候策略,6.17%,4.38%,0.26,-4.15%,83.33%,15.30%
2017年,全天候增强策略 (动量择时),7.62%,5.07%,0.50,-3.69%,66.67%,17.73%
2018年,沪金主连,1.40%,8.62%,-0.21,-7.80%,41.67%,
2018年,红利低波ETF,-20.10%,19.57%,-1.23,-30.15%,41.67%,
2018年,沪铝主连,-21.37%,14.14%,-1.88,-20.55%,33.33%,
2018年,豆粕主连,4.58%,20.37%,0.14,-21.51%,58.33%,
2018年,10年国债主连,5.66%,3.77%,0.52,-2.14%,66.67%,
2018年,原油主连,-6.29%,30.75%,-0.18,-53.16%,66.67%,
2018年,沪铜主连,-14.15%,15.55%,-1.14,-16.76%,41.67%,
2018年,沪深300主连,-27.19%,24.43%,-1.32,-33.94%,41.67%,
2018年,PTA主连,14.82%,22.06%,0.57,-32.51%,58.33%,
2018年,中证1000主连,-36.69%,24.69%,-1.87,-40.00%,16.67%,
2018年,30年国债主连,17.81%,4.27%,3.01,-3.73%,91.67%,
2018年,风险平价策略,9.77%,4.26%,1.37,-2.98%,75.00%,9.45%
2018年,全天候策略,6.49%,4.45%,0.63,-3.39%,83.33%,12.83%
2018年,全天候增强策略 (动量择时),9.79%,4.80%,1.22,-5.66%,83.33%,12.31%
2019年,沪金主连,23.64%,14.34%,1.35,-14.29%,50.00%,
2019年,红利低波ETF,24.48%,15.27%,1.33,-12.09%,75.00%,
2019年,沪铝主连,12.40%,9.03%,1.02,-6.48%,58.33%,
2019年,豆粕主连,10.07%,16.05%,0.50,-10.78%,33.33%,
2019年,10年国债主连,0.90%,3.28%,-0.57,-2.82%,66.67%,
2019年,原油主连,49.22%,29.25%,1.42,-25.17%,83.33%,
2019年,沪铜主连,4.01%,11.28%,0.15,-13.61%,50.00%,
2019年,沪深300主连,50.74%,21.60%,1.88,-15.10%,75.00%,
2019年,PTA主连,-22.53%,27.24%,-0.90,-42.00%,33.33%,
2019年,中证1000主连,36.30%,25.51%,1.23,-19.26%,66.67%,
2019年,30年国债主连,4.91%,3.59%,0.57,-4.91%,66.67%,
2019年,风险平价策略,12.35%,3.76%,2.37,-3.02%,75.00%,11.02%
2019年,全天候策略,14.89%,4.61%,2.43,-4.50%,66.67%,14.77%
2019年,全天候增强策略 (动量择时),16.15%,7.19%,1.73,-5.07%,66.67%,14.12%
2020年,沪金主连,10.81%,20.72%,0.48,-24.62%,50.00%,
2020年,红利低波ETF,9.94%,21.25%,0.44,-15.80%,50.00%,
2020年,沪铝主连,35.22%,20.03%,1.49,-23.68%,58.33%,
2020年,豆粕主连,24.05%,19.16%,1.09,-11.96%,66.67%,
2020年,10年国债主连,2.57%,4.37%,0.04,-4.83%,58.33%,
2020年,原油主连,-73.29%,50.69%,-2.39,-78.10%,16.67%,
2020年,沪铜主连,37.04%,23.66%,1.35,-28.82%,75.00%,
2020年,沪深300主连,46.29%,26.04%,1.50,-16.85%,58.33%,
2020年,PTA主连,-41.07%,25.64%,-2.03,-48.72%,33.33%,
2020年,中证1000主连,32.71%,28.82%,1.04,-15.91%,75.00%,
2020年,30年国债主连,3.13%,5.12%,0.15,-8.26%,41.67%,
2020年,风险平价策略,9.50%,5.04%,1.35,-3.64%,75.00%,10.59%
2020年,全天候策略,4.98%,7.97%,0.34,-8.13%,50.00%,15.32%
2020年,全天候增强策略 (动量择时),13.21%,11.01%,0.96,-9.36%,58.33%,14.29%
2021年,沪金主连,0.01%,15.02%,-0.09,-11.23%,41.67%,
2021年,红利低波ETF,23.42%,17.50%,1.15,-14.60%,58.33%,
2021年,沪铝主连,48.03%,28.17%,1.45,-31.59%,50.00%,
2021年,豆粕主连,7.65%,22.15%,0.33,-19.27%,58.33%,
2021年,10年国债主连,5.44%,3.03%,0.95,-2.04%,66.67%,
2021年,原油主连,89.85%,38.28%,1.80,-22.49%,66.67%,
2021年,沪铜主连,22.35%,23.27%,0.88,-17.97%,50.00%,
2021年,沪深300主连,-4.64%,19.55%,-0.27,-17.23%,41.67%,
2021年,PTA主连,23.60%,33.10%,0.73,-26.40%,66.67%,
2021年,中证1000主连,25.31%,19.90%,1.11,-10.44%,66.67%,
2021年,30年国债主连,10.41%,3.53%,2.12,-2.28%,75.00%,
2021年,风险平价策略,14.49%,4.72%,2.38,-2.60%,75.00%,10.66%
2021年,全天候策略,16.09%,6.72%,1.90,-3.54%,58.33%,15.11%
2021年,全天候增强策略 (动量择时),30.59%,11.20%,2.23,-5.64%,58.33%,14.98%
2022年,沪金主连,15.44%,13.93%,0.95,-16.63%,66.67%,
2022年,红利低波ETF,3.01%,19.45%,0.14,-13.65%,50.00%,
2022年,沪铝主连,-6.66%,25.50%,-0.23,-34.32%,33.33%,
2022年,豆粕主连,104.85%,27.09%,2.71,-16.33%,83.33%,
2022年,10年国债主连,2.91%,2.91%,0.27,-1.88%,58.33%,
2022年,原油主连,69.13%,51.98%,1.23,-42.00%,58.33%,
2022年,沪铜主连,-7.13%,22.30%,-0.32,-38.11%,50.00%,
2022年,沪深300主连,-22.54%,22.06%,-1.14,-29.11%,41.67%,
2022年,PTA主连,21.29%,37.88%,0.64,-41.53%,66.67%,
2022年,中证1000主连,-14.64%,25.75%,-0.57,-33.85%,50.00%,
2022年,30年国债主连,5.69%,3.55%,0.98,-3.28%,66.67%,
2022年,风险平价策略,9.00%,5.39%,1.23,-4.04%,66.67%,9.14%
2022年,全天候策略,13.92%,7.48%,1.50,-6.58%,75.00%,14.35%
2022年,全天候增强策略 (动量择时),7.17%,12.25%,0.45,-14.46%,75.00%,11.98%
2023年,沪金主连,33.57%,11.57%,2.35,-6.51%,66.67%,
2023年,红利低波ETF,12.25%,13.13%,0.76,-12.27%,50.00%,
2023年,沪铝主连,22.43%,13.72%,1.36,-9.80%,58.33%,
2023年,豆粕主连,27.61%,19.97%,1.20,-16.88%,41.67%,
2023年,10年国债主连,5.85%,2.04%,1.58,-1.30%,83.33%,
2023年,原油主连,8.86%,35.50%,0.35,-33.53%,50.00%,
2023年,沪铜主连,13.08%,14.10%,0.77,-10.86%,58.33%,
2023年,沪深300主连,-13.07%,15.26%,-1.01,-23.18%,33.33%,
2023年,PTA主连,10.78%,23.44%,0.45,-19.54%,50.00%,
2023年,中证1000主连,0.14%,14.45%,-0.09,-18.69%,41.67%,
2023年,30年国债主连,10.85%,3.67%,2.16,-3.19%,66.67%,
2023年,风险平价策略,13.67%,3.23%,3.20,-2.20%,75.00%,10.84%
2023年,全天候策略,18.42%,4.33%,3.35,-3.25%,75.00%,15.27%
2023年,全天候增强策略 (动量择时),17.05%,7.61%,1.77,-5.70%,75.00%,16.45%
2024年,沪金主连,57.41%,16.24%,2.75,-11.96%,66.67%,
2024年,红利低波ETF,24.03%,19.73%,1.09,-13.79%,66.67%,
2024年,沪铝主连,-3.58%,14.29%,-0.33,-18.06%,50.00%,
2024年,豆粕主连,-21.42%,19.34%,-1.26,-35.28%,41.67%,
2024年,10年国债主连,7.38%,2.71%,1.87,-1.63%,66.67%,
2024年,原油主连,5.15%,28.94%,0.25,-29.64%,66.67%,
2024年,沪铜主连,7.30%,18.43%,0.36,-28.37%,50.00%,
2024年,沪深300主连,14.61%,24.25%,0.60,-14.48%,50.00%,
2024年,PTA主连,-32.01%,18.91%,-2.06,-32.92%,8.33%,
2024年,中证1000主连,14.01%,36.86%,0.48,-28.76%,58.33%,
2024年,30年国债主连,21.58%,7.60%,2.34,-4.89%,75.00%,
2024年,风险平价策略,13.80%,5.56%,1.99,-3.98%,50.00%,10.93%
2024年,全天候策略,19.57%,6.57%,2.45,-5.04%,75.00%,14.25%
2024年,全天候增强策略 (动量择时),21.76%,8.14%,2.21,-7.80%,75.00%,13.52%
2025年,沪金主连,102.63%,21.22%,3.36,-15.59%,83.33%,
2025年,红利低波ETF,4.80%,11.71%,0.31,-7.40%,50.00%,
2025年,沪铝主连,31.17%,11.52%,2.26,-7.81%,75.00%,
2025年,豆粕主连,7.75%,17.05%,0.42,-12.78%,66.67%,
2025年,10年国债主连,-0.42%,2.45%,-0.86,-2.26%,50.00%,
2025年,原油主连,-4.87%,33.79%,-0.03,-27.88%,33.33%,
2025年,沪铜主连,52.28%,18.07%,2.32,-14.93%,75.00%,
2025年,沪深300主连,31.83%,18.55%,1.49,-13.15%,66.67%,
2025年,PTA主连,4.59%,23.20%,0.24,-26.99%,33.33%,
2025年,中证1000主连,53.76%,22.04%,1.99,-16.01%,75.00%,
2025年,30年国债主连,-6.14%,7.38%,-1.05,-9.64%,33.33%,
2025年,风险平价策略,15.22%,5.34%,2.36,-3.30%,100.00%,12.30%
2025年,全天候策略,26.30%,7.12%,3.08,-3.48%,91.67%,14.86%
2025年,全天候增强策略 (动量择时),26.50%,8.88%,2.50,-4.14%,83.33%,15.14%
2026年,沪金主连,30.94%,55.45%,0.74,-29.00%,33.33%,
2026年,红利低波ETF,8.70%,12.94%,0.58,-4.30%,66.67%,
2026年,沪铝主连,18.33%,35.05%,0.61,-15.63%,66.67%,
2026年,豆粕主连,27.36%,17.84%,1.35,-8.13%,100.00%,
2026年,10年国债主连,3.09%,1.19%,1.19,-0.51%,100.00%,
2026年,原油主连,987.43%,84.22%,3.23,-19.33%,66.67%,
2026年,沪铜主连,-21.73%,37.37%,-0.51,-19.77%,33.33%,
2026年,沪深300主连,-2.58%,18.06%,-0.15,-7.32%,66.67%,
2026年,PTA主连,317.82%,47.77%,3.20,-8.60%,66.67%,
2026年,中证1000主连,17.03%,29.34%,0.63,-14.73%,66.67%,
2026年,30年国债主连,2.42%,4.97%,0.18,-2.30%,33.33%,
2026年,风险平价策略,27.92%,8.00%,2.92,-2.81%,66.67%,12.85%
2026年,全天候策略,55.12%,19.58%,2.26,-7.24%,66.67%,14.98%
2026年,全天候增强策略 (动量择时),32.40%,21.94%,1.32,-8.57%,66.67%,13.13%
